{
    "brim_type": "no_brim",
    "enable_support": "1",
    "from": "User",
    "infill_combination": "1",
    "inherits": "0.20mm Standard @Anycubic Kobra S1 0.4 nozzle",
    "initial_layer_infill_speed": "100",
    "name": "0.20mm SD @AC KS1 -",
    "precise_outer_wall": "1",
    "prime_tower_width": "10",
    "prime_volume": "10",
    "print_settings_id": "0.20mm SD @AC KS1 -",
    "seam_gap": "0",
    "sparse_infill_density": "20%",
    "sparse_infill_pattern": "crosshatch",
    "support_type": "tree(auto)",
    "top_shell_layers": "3",
    "travel_speed": "400",
    "version": "1.3.2503.03",
    "wall_loops": "3",
    "wall_sequence": "inner-outer-inner wall",
    "wipe_tower_max_purge_speed": "100"
}
