{
    "brim_type": "no_brim",
    "from": "User",
    "gap_infill_speed": "200",
    "infill_combination": "1",
    "inherits": "0.20mm Standard @Anycubic Kobra S1 0.4 nozzle",
    "initial_layer_infill_speed": "20",
    "initial_layer_speed": "20",
    "inner_wall_speed": "200",
    "internal_solid_infill_speed": "200",
    "layer_height": "0.28",
    "name": "0.28mm ExtraDraft @AC KS1 -",
    "outer_wall_speed": "180",
    "precise_outer_wall": "1",
    "prime_tower_width": "10",
    "prime_volume": "10",
    "print_settings_id": "0.28mm ExtraDraft @AC KS1 -",
    "seam_gap": "0",
    "sparse_infill_pattern": "crosshatch",
    "sparse_infill_speed": "200",
    "top_shell_layers": "3",
    "travel_speed": "400",
    "version": "1.3.2503.03",
    "wall_loops": "3",
    "wall_sequence": "inner-outer-inner wall",
    "wipe_tower_max_purge_speed": "100"
}
