{
    "brim_type": "no_brim",
    "default_acceleration": "10000",
    "enable_support": "1",
    "from": "User",
    "gap_infill_speed": "500",
    "inherits": "Defaults v2",
    "initial_layer_acceleration": "500",
    "initial_layer_infill_speed": "15",
    "initial_layer_speed": "15",
    "inner_wall_speed": "175",
    "internal_solid_infill_speed": "500",
    "is_custom_defined": "0",
    "name": "Defaults v2.1 - CIULLO CHALLENGE",
    "outer_wall_acceleration": "5000",
    "outer_wall_speed": "175",
    "precise_outer_wall": "1",
    "precise_z_height": "1",
    "print_settings_id": "Defaults v2.1 - CIULLO CHALLENGE",
    "sparse_infill_speed": "500",
    "support_speed": "200",
    "support_type": "tree(auto)",
    "top_surface_acceleration": "2000",
    "top_surface_speed": "150",
    "travel_speed": "600",
    "version": "0.0.0.00"
}
